altitude_km,velocity_km_s,efficiency,altitude_scaled,velocity_scaled
500,7.6,71.09169696172194,-1.224744871316589,-1.3363061024192657
700,7.8,90.0,0.0,0.2672612204838603
900,7.9,76.81280184142555,1.224744871316589,1.0690448819354268
